Name,Year,Category,Countries,Gender,Description,Details
Frédéric Passy,1901,Peace,France,Man,,
Sully Prudhomme,1901,Literature,France,Man,,
Emil Adolf von Behring,1901,Physiology or Medicine,Germany,Man,,
Wilhelm Röntgen,1901,Physics,Germany,Man,,
Jacobus Henricus van 't Hoff,1901,Chemistry,Netherlands,Man,,
Henry Dunant,1901,Peace,Switzerland,Man,,
Hermann Emil Fischer,1902,Chemistry,Germany,Man,,
Theodor Mommsen,1902,Literature,Germany,Man,,
Ronald Ross,1902,Physiology or Medicine,"India, United Kingdom",Man,,
Hendrik Lorentz,1902,Physics,Netherlands,Man,,
Pieter Zeeman,1902,Physics,Netherlands,Man,,
Charles Albert Gobat,1902,Peace,Switzerland,Man,,
Élie Ducommun,1902,Peace,Switzerland,Man,,
Henri Becquerel,1903,Physics,France,Man,,
Randal Cremer,1903,Peace,United Kingdom,Man,,
Niels Ryberg Finsen,1903,Physiology or Medicine,"Denmark, Faroe Islands",Man,,
Pierre Curie,1903,Physics,France,Man,,
Bjørnstjerne Bjørnson,1903,Literature,Norway,Man,,
Svante Arrhenius,1903,Chemistry,Sweden,Man,,
Lord Rayleigh,1904,Physics,United Kingdom,Man,,
Frédéric Mistral,1904,Literature,France,Man,,
Ivan Pavlov,1904,Physiology or Medicine,Russia and Soviet Union,Man,,
José Echegaray,1904,Literature,Spain,Man,,
William Ramsay,1904,Chemistry,United Kingdom,Man,,
Adolf von Baeyer,1905,Chemistry,Germany,Man,,
Robert Koch,1905,Physiology or Medicine,Germany,Man,,
Philipp Lenard,1905,Physics,"Germany, Hungary",Man,,
Henryk Sienkiewicz,1905,Literature,"Poland, Russia and Soviet Union",Man,,
Henri Moissan,1906,Chemistry,France,Man,,
Camillo Golgi,1906,Physiology or Medicine,Italy,Man,,
Giosuè Carducci,1906,Literature,Italy,Man,,
Santiago Ramón y Cajal,1906,Physiology or Medicine,Spain,Man,,
J. J. Thomson,1906,Physics,United Kingdom,Man,,
Theodore Roosevelt,1906,Peace,United States,Man,,
Charles Louis Alphonse Laveran,1907,Physiology or Medicine,France,Man,,
Louis Renault,1907,Peace,France,Man,,
Eduard Buchner,1907,Chemistry,Germany,Man,,
Rudyard Kipling,1907,Literature,"India, United Kingdom",Man,,
Ernesto Teodoro Moneta,1907,Peace,Italy,Man,,
Albert Abraham Michelson,1907,Physics,"Poland, United States",Man,,
Fredrik Bajer,1908,Peace,Denmark,Man,,
Gabriel Lippmann,1908,Physics,"France, Luxembourg",Man,,
Paul Ehrlich,1908,Physiology or Medicine,Germany,Man,,
Rudolf Christoph Eucken,1908,Literature,Germany,Man,,
Ernest Rutherford,1908,Chemistry,"New Zealand, United Kingdom, Canada",Man,,
Élie Metchnikoff,1908,Physiology or Medicine,Russia and Soviet Union,Man,,
Klas Pontus Arnoldson,1908,Peace,Sweden,Man,,
Emil Theodor Kocher,1909,Physiology or Medicine,Switzerland,Man,,
Auguste Marie François Beernaert,1909,Peace,Belgium,Man,,
Paul-Henri-Benjamin d'Estournelles de Constant,1909,Peace,France,Man,,
Karl Ferdinand Braun,1909,Physics,Germany,Man,,
Wilhelm Ostwald,1909,Chemistry,Germany,Man,,
Guglielmo Marconi,1909,Physics,Italy,Man,,
Albrecht Kossel,1910,Physiology or Medicine,Germany,Man,,
Otto Wallach,1910,Chemistry,Germany,Man,,
Paul Heyse,1910,Literature,Germany,Man,,
Johannes Diderik van der Waals,1910,Physics,Netherlands,Man,,
Alfred Hermann Fried,1911,Peace,Austria,Man,,
Maurice Maeterlinck,1911,Literature,Belgium,Man,,
Wilhelm Wien,1911,Physics,Germany,Man,,
Tobias Asser,1911,Peace,Netherlands,Man,,
Allvar Gullstrand,1911,Physiology or Medicine,Sweden,Man,,
Alexis Carrel,1912,Physiology or Medicine,France,Man,,
Paul Sabatier,1912,Chemistry,France,Man,,
Victor Grignard,1912,Chemistry,France,Man,,
Gerhart Hauptmann,1912,Literature,Germany,Man,,
Gustaf Dalén,1912,Physics,Sweden,Man,,
Elihu Root,1912,Peace,United States,Man,,
Henri La Fontaine,1913,Peace,Belgium,Man,,
Charles Richet,1913,Physiology or Medicine,France,Man,,
Alfred Werner,1913,Chemistry,"France, Switzerland",Man,,
Rabindranath Tagore,1913,Literature,India,Man,,
Heike Kamerlingh Onnes,1913,Physics,Netherlands,Man,,
Robert Bárány,1914,Physiology or Medicine,"Austria, Hungary",Man,,
Max von Laue,1914,Physics,Germany,Man,,
Theodore W. Richards,1914,Chemistry,United States,Man,,
William Lawrence Bragg,1915,Physics,"Australia, United Kingdom",Man,,
Romain Rolland,1915,Literature,France,Man,,
Richard Willstätter,1915,Chemistry,Germany,Man,,
William Henry Bragg,1915,Physics,United Kingdom,Man,,
Verner von Heidenstam,1916,Literature,Sweden,Man,,
Henrik Pontoppidan,1917,Literature,Denmark,Man,,
Karl Adolph Gjellerup,1917,Literature,Denmark,Man,,
Charles Glover Barkla,1917,Physics,United Kingdom,Man,,
Fritz Haber,1918,Chemistry,Germany,Man,,
Max Planck,1918,Physics,Germany,Man,,
Jules Bordet,1919,Physiology or Medicine,Belgium,Man,,
Johannes Stark,1919,Physics,Germany,Man,,
Carl Spitteler,1919,Literature,Switzerland,Man,,
Woodrow Wilson,1919,Peace,United States,Man,,
August Krogh,1920,Physiology or Medicine,Denmark,Man,,
Léon Bourgeois,1920,Peace,France,Man,,
Walther Nernst,1920,Chemistry,Germany,Man,,
Knut Hamsun,1920,Literature,Norway,Man,,
Charles Édouard Guillaume,1920,Physics,Switzerland,Man,,
Anatole France,1921,Literature,France,Man,,
Albert Einstein,1921,Physics,"Germany, Switzerland",Man,,
Christian Lous Lange,1921,Peace,Norway,Man,,
Hjalmar Branting,1921,Peace,Sweden,Man,,
Frederick Soddy,1921,Chemistry,United Kingdom,Man,,
Niels Bohr,1922,Physics,Denmark,Man,,
Otto Fritz Meyerhof,1922,Physiology or Medicine,Germany,Man,,
Fridtjof Nansen,1922,Peace,Norway,Man,,
Jacinto Benavente,1922,Literature,Spain,Man,,
Francis William Aston,1922,Chemistry,United Kingdom,Man,,
Archibald Hill,1922,Physiology or Medicine,United Kingdom,Man,,
Fritz Pregl,1923,Chemistry,Austria,Man,,
Frederick Banting,1923,Physiology or Medicine,Canada,Man,,
John James Rickard Macleod,1923,Physiology or Medicine,"Canada, United Kingdom",Man,,
W. B. Yeats,1923,Literature,Ireland,Man,,
Robert Andrews Millikan,1923,Physics,United States,Man,,
Manne Siegbahn,1924,Physics,Sweden,Man,,
Willem Einthoven,1924,Physiology or Medicine,Netherlands,Man,,
Władysław Reymont,1924,Literature,"Poland, Russia and Soviet Union",Man,,
Richard Adolf Zsigmondy,1925,Chemistry,"Austria, Hungary",Man,,
Gustav Ludwig Hertz,1925,Physics,Germany,Man,,
James Franck,1925,Physics,Germany,Man,,
George Bernard Shaw,1925,Literature,"Ireland, United Kingdom",Man,,
Austen Chamberlain,1925,Peace,United Kingdom,Man,,
Charles G. Dawes,1925,Peace,United States,Man,,
Johannes Fibiger,1926,Physiology or Medicine,Denmark,Man,,
Aristide Briand,1926,Peace,France,Man,,
Jean Baptiste Perrin,1926,Physics,France,Man,,
Gustav Stresemann,1926,Peace,Germany,Man,,
Theodor Svedberg,1926,Chemistry,Sweden,Man,,
Julius Wagner-Jauregg,1927,Physiology or Medicine,Austria,Man,,
Ferdinand Buisson,1927,Peace,France,Man,,
Henri Bergson,1927,Literature,France,Man,,
Heinrich Otto Wieland,1927,Chemistry,Germany,Man,,
Ludwig Quidde,1927,Peace,Germany,Man,,
Charles Thomson Rees Wilson,1927,Physics,United Kingdom,Man,,
Arthur Compton,1927,Physics,United States,Man,,
Charles Nicolle,1928,Physiology or Medicine,France,Man,,
Adolf Otto Reinhold Windaus,1928,Chemistry,Germany,Man,,
Owen Willans Richardson,1928,Physics,United Kingdom,Man,,
Louis de Broglie,1929,Physics,France,Man,,
Thomas Mann,1929,Literature,Germany,Man,,
Hans von Euler-Chelpin,1929,Chemistry,"Germany, Sweden",Man,,
Christiaan Eijkman,1929,Physiology or Medicine,Netherlands,Man,,
Arthur Harden,1929,Chemistry,United Kingdom,Man,,
Frederick Gowland Hopkins,1929,Physiology or Medicine,United Kingdom,Man,,
Frank B. Kellogg,1929,Peace,United States,Man,,
Karl Landsteiner,1930,Physiology or Medicine,Austria,Man,,
Hans Fischer,1930,Chemistry,Germany,Man,,
C. V. Raman,1930,Physics,India,Man,,
Nathan Söderblom,1930,Peace,Sweden,Man,,
Sinclair Lewis,1930,Literature,United States,Man,,
Carl Bosch,1931,Chemistry,Germany,Man,,
Friedrich Bergius,1931,Chemistry,Germany,Man,,
Otto Heinrich Warburg,1931,Physiology or Medicine,Germany,Man,,
Erik Axel Karlfeldt,1931,Literature,Sweden,Man,,
Nicholas Murray Butler,1931,Peace,United States,Man,,
Werner Heisenberg,1932,Physics,Germany,Man,,
Charles Scott Sherrington,1932,Physiology or Medicine,United Kingdom,Man,,
Edgar Adrian,1932,Physiology or Medicine,United Kingdom,Man,,
John Galsworthy,1932,Literature,United Kingdom,Man,,
Irving Langmuir,1932,Chemistry,United States,Man,,
Erwin Schrödinger,1933,Physics,Austria,Man,,
Ivan Bunin,1933,Literature,"France, Russia and Soviet Union",Man,,
Norman Angell,1933,Peace,United Kingdom,Man,,
Paul Dirac,1933,Physics,United Kingdom,Man,,
Thomas Hunt Morgan,1933,Physiology or Medicine,United States,Man,,
Luigi Pirandello,1934,Literature,Italy,Man,,
Arthur Henderson,1934,Peace,United Kingdom,Man,,
Harold Urey,1934,Chemistry,United States,Man,,
William P. Murphy,1934,Physiology or Medicine,United States,Man,,
George Minot,1934,Physiology or Medicine,United States,Man,,
George Whipple,1934,Physiology or Medicine,United States,Man,,
Frédéric Joliot-Curie,1935,Chemistry,France,Man,,
Carl von Ossietzky,1935,Peace,Germany,Man,,
Hans Spemann,1935,Physiology or Medicine,Germany,Man,,
James Chadwick,1935,Physics,United Kingdom,Man,,
Carlos Saavedra Lamas,1936,Peace,Argentina,Man,,
Victor Francis Hess,1936,Physics,Austria,Man,,
Otto Loewi,1936,Physiology or Medicine,"Austria, Germany",Man,,
Peter Debye,1936,Chemistry,Netherlands,Man,,
Henry Hallett Dale,1936,Physiology or Medicine,United Kingdom,Man,,
Eugene O'Neill,1936,Literature,United States,Man,,
Carl David Anderson,1936,Physics,United States,Man,,
Roger Martin du Gard,1937,Literature,France,Man,,
Albert Szent-Györgyi,1937,Physiology or Medicine,Hungary,Man,,
Paul Karrer,1937,Chemistry,Switzerland,Man,,
George Paget Thomson,1937,Physics,United Kingdom,Man,,
Norman Haworth,1937,Chemistry,United Kingdom,Man,,
Clinton Davisson,1937,Physics,United States,Man,,
Richard Kuhn,1938,Chemistry,"Austria, Germany",Man,,
Corneille Heymans,1938,Physiology or Medicine,Belgium,Man,,
Enrico Fermi,1938,Physics,Italy,Man,,
Leopold Ružička,1939,Chemistry,"Croatia, Switzerland",Man,,
Frans Eemil Sillanpää,1939,Literature,Finland,Man,,
Adolf Butenandt,1939,Chemistry,Germany,Man,,
Gerhard Domagk,1939,Physiology or Medicine,Germany,Man,,
Ernest Lawrence,1939,Physics,United States,Man,,
Henrik Dam,1943,Physiology or Medicine,Denmark,Man,,
Otto Stern,1943,Physics,"Germany, United States",Man,,
George de Hevesy,1943,Chemistry,Hungary,Man,,
Edward Adelbert Doisy,1943,Physiology or Medicine,United States,Man,,
Johannes Vilhelm Jensen,1944,Literature,Denmark,Man,,
Otto Hahn,1944,Chemistry,Germany,Man,,
Isidor Isaac Rabi,1944,Physics,"Poland, United States",Man,,
Joseph Erlanger,1944,Physiology or Medicine,United States,Man,,
Herbert Spencer Gasser,1944,Physiology or Medicine,United States,Man,,
Howard Florey,1945,Physiology or Medicine,Australia,Man,,
Wolfgang Pauli,1945,Physics,Austria,Man,,
Artturi Ilmari Virtanen,1945,Chemistry,Finland,Man,,
Ernst Boris Chain,1945,Physiology or Medicine,"Germany, United Kingdom",Man,,
Alexander Fleming,1945,Physiology or Medicine,United Kingdom,Man,,
Cordell Hull,1945,Peace,United States,Man,,
Hermann Hesse,1946,Literature,"Germany, Switzerland",Man,,
James B. Sumner,1946,Chemistry,United States,Man,,
John Howard Northrop,1946,Chemistry,United States,Man,,
Hermann Joseph Muller,1946,Physiology or Medicine,United States,Man,,
John Mott,1946,Peace,United States,Man,,
Percy Williams Bridgman,1946,Physics,United States,Man,,
Wendell Meredith Stanley,1946,Chemistry,United States,Man,,
Bernardo Houssay,1947,Physiology or Medicine,Argentina,Man,,
Carl Ferdinand Cori,1947,Physiology or Medicine,"Czech Republic, United States",Man,,
André Gide,1947,Literature,France,Man,,
Edward Victor Appleton,1947,Physics,United Kingdom,Man,,
Robert Robinson,1947,Chemistry,United Kingdom,Man,,
Arne Tiselius,1948,Chemistry,Sweden,Man,,
Paul Hermann Müller,1948,Physiology or Medicine,Switzerland,Man,,
Patrick Blackett,1948,Physics,United Kingdom,Man,,
T. S. Eliot,1948,Literature,"United Kingdom, United States",Man,,
William Giauque,1949,Chemistry,"Canada, United States",Man,,
Hideki Yukawa,1949,Physics,Japan,Man,,
António Egas Moniz,1949,Physiology or Medicine,Portugal,Man,,
Walter Rudolf Hess,1949,Physiology or Medicine,Switzerland,Man,,
John Boyd Orr,1949,Peace,United Kingdom,Man,,
William Faulkner,1949,Literature,United States,Man,,
C. F. Powell,1950,Physics,United Kingdom,Man,,
Tadeus Reichstein,1950,Physiology or Medicine,"Poland, Switzerland",Man,,
Kurt Alder,1950,Chemistry,Germany,Man,,
Otto Diels,1950,Chemistry,Germany,Man,,
Bertrand Russell,1950,Literature,United Kingdom,Man,,
Edward Calvin Kendall,1950,Physiology or Medicine,United States,Man,,
Philip Showalter Hench,1950,Physiology or Medicine,United States,Man,,
Ralph Bunche,1950,Peace,United States,Man,,
Léon Jouhaux,1951,Peace,France,Man,,
Ernest Walton,1951,Physics,Ireland,Man,,
Max Theiler,1951,Physiology or Medicine,South Africa,Man,,
Pär Lagerkvist,1951,Literature,Sweden,Man,,
John Cockcroft,1951,Physics,United Kingdom,Man,,
Edwin McMillan,1951,Chemistry,United States,Man,,
Glenn T. Seaborg,1951,Chemistry,United States,Man,,
Edward Mills Purcell,1952,Physics,United States,Man,,
François Mauriac,1952,Literature,France,Man,,
Albert Schweitzer,1952,Peace,"France, Germany",Man,,
Felix Bloch,1952,Physics,"Switzerland, United States",Man,,
Selman Waksman,1952,Physiology or Medicine,"Ukraine, United States",Man,,
Archer John Porter Martin,1952,Chemistry,United Kingdom,Man,,
Richard Laurence Millington Synge,1952,Chemistry,United Kingdom,Man,,
Hermann Staudinger,1953,Chemistry,Germany,Man,,
Hans Adolf Krebs,1953,Physiology or Medicine,"Germany, United Kingdom",Man,,
Fritz Albert Lipmann,1953,Physiology or Medicine,"Germany, United States",Man,,
Frits Zernike,1953,Physics,Netherlands,Man,,
Winston Churchill,1953,Literature,United Kingdom,Man,,
George Marshall,1953,Peace,United States,Man,,
Walther Bothe,1954,Physics,Germany,Man,,
Max Born,1954,Physics,"Germany, United Kingdom",Man,,
Ernest Hemingway,1954,Literature,United States,Man,,
Frederick Chapman Robbins,1954,Physiology or Medicine,United States,Man,,
John Franklin Enders,1954,Physiology or Medicine,United States,Man,,
Linus Pauling,1954,Chemistry,United States,Man,,
Thomas Huckle Weller,1954,Physiology or Medicine,United States,Man,,
Polykarp Kusch,1955,Physics,"Germany, United States",Man,,
Halldór Laxness,1955,Literature,Iceland,Man,,
Hugo Theorell,1955,Physiology or Medicine,Sweden,Man,,
Vincent du Vigneaud,1955,Chemistry,United States,Man,,
Willis Lamb,1955,Physics,United States,Man,,
André Frédéric Cournand,1956,Physiology or Medicine,France,Man,,
Werner Forssmann,1956,Physiology or Medicine,Germany,Man,,
Nikolay Semyonov,1956,Chemistry,Russia and Soviet Union,Man,,
Juan Ramón Jiménez,1956,Literature,Spain,Man,,
Cyril Norman Hinshelwood,1956,Chemistry,United Kingdom,Man,,
Dickinson W. Richards,1956,Physiology or Medicine,United States,Man,,
John Bardeen,1956,Physics,United States,Man,,
Walter Houser Brattain,1956,Physics,United States,Man,,
William Shockley,1956,Physics,United States,Man,,
The Lord Todd,1957,Chemistry,United Kingdom,Man,,
Lester B. Pearson,1957,Peace,Canada,Man,,
Tsung-Dao Lee,1957,Physics,"China, Republic of, United States",Man,,
Albert Camus,1957,Literature,France,Man,,
Daniel Bovet,1957,Physiology or Medicine,"Italy, Switzerland",Man,,
Chen Ning Yang,1957,Physics,United States,Man,,
Dominique Pire,1958,Peace,Belgium,Man,,
Boris Pasternak,1958,Literature,Russia and Soviet Union,Man,,
Igor Tamm,1958,Physics,Russia and Soviet Union,Man,,
Pavel Cherenkov,1958,Physics,Russia and Soviet Union,Man,,
Ilya Frank,1958,Physics,Russia and Soviet Union,Man,,
Frederick Sanger,1958,Chemistry,United Kingdom,Man,,
Joshua Lederberg,1958,Physiology or Medicine,United States,Man,,
Edward Lawrie Tatum,1958,Physiology or Medicine,United States,Man,,
George Wells Beadle,1958,Physiology or Medicine,United States,Man,,
Jaroslav Heyrovský,1959,Chemistry,Czech Republic,Man,,
Salvatore Quasimodo,1959,Literature,Italy,Man,,
Emilio G. Segrè,1959,Physics,"Italy, United States",Man,,
Severo Ochoa,1959,Physiology or Medicine,"Spain, United States",Man,,
Philip Noel-Baker,1959,Peace,United Kingdom,Man,,
Arthur Kornberg,1959,Physiology or Medicine,United States,Man,,
Owen Chamberlain,1959,Physics,United States,Man,,
Frank Macfarlane Burnet,1960,Physiology or Medicine,Australia,Man,,
Peter Medawar,1960,Physiology or Medicine,"Brazil, United Kingdom",Man,,
Saint-John Perse,1960,Literature,France,Man,,
Albert Lutuli,1960,Peace,South Africa,Man,,
Donald A. Glaser,1960,Physics,United States,Man,,
Willard Libby,1960,Chemistry,United States,Man,,
Ivo Andrić,1961,Literature,Bosnia and Herzegovina,Man,,
Rudolf Mössbauer,1961,Physics,Germany,Man,,
Georg von Békésy,1961,Physiology or Medicine,"Hungary, United States",Man,,
Dag Hammarskjöld,1961,Peace,Sweden,Man,,
Melvin Calvin,1961,Chemistry,United States,Man,,
Robert Hofstadter,1961,Physics,United States,Man,,
Max Perutz,1962,Chemistry,"Austria, United Kingdom",Man,,
Maurice Wilkins,1962,Physiology or Medicine,"New Zealand, United Kingdom",Man,,
Lev Landau,1962,Physics,Russia and Soviet Union,Man,,
Francis Crick,1962,Physiology or Medicine,United Kingdom,Man,,
John Kendrew,1962,Chemistry,United Kingdom,Man,,
James D. Watson,1962,Physiology or Medicine,United States,Man,,
John Steinbeck,1962,Literature,United States,Man,,
Linus Pauling,1962,Peace,United States,Man,,
John Eccles,1963,Physiology or Medicine,Australia,Man,,
J. Hans D. Jensen,1963,Physics,Germany,Man,,
Karl Ziegler,1963,Chemistry,Germany,Man,,
Giorgos Seferis,1963,Literature,Greece,Man,,
Eugene Wigner,1963,Physics,"Hungary, United States",Man,,
Giulio Natta,1963,Chemistry,Italy,Man,,
Alan Lloyd Hodgkin,1963,Physiology or Medicine,United Kingdom,Man,,
Andrew Huxley,1963,Physiology or Medicine,United Kingdom,Man,,
Jean-Paul Sartre[d],1964,Literature,France,Man,,
Feodor Felix Konrad Lynen,1964,Physiology or Medicine,Germany,Man,,
Konrad Emil Bloch,1964,Physiology or Medicine,"Germany, United States",Man,,
Alexander Prokhorov,1964,Physics,Russia and Soviet Union,Man,,
Nikolay Basov,1964,Physics,Russia and Soviet Union,Man,,
Charles Hard Townes,1964,Physics,United States,Man,,
"Martin Luther King, Jr.",1964,Peace,United States,Man,,
François Jacob,1965,Physiology or Medicine,France,Man,,
Jacques Monod,1965,Physiology or Medicine,France,Man,,
André Michel Lwoff,1965,Physiology or Medicine,France,Man,,
Sin-Itiro Tomonaga,1965,Physics,Japan,Man,,
Mikhail Sholokhov,1965,Literature,Russia and Soviet Union,Man,,
Julian Schwinger,1965,Physics,United States,Man,,
Richard Feynman,1965,Physics,United States,Man,,
Robert Burns Woodward,1965,Chemistry,United States,Man,,
Charles Brenton Huggins,1966,Physiology or Medicine,"Canada, United States",Man,,
Alfred Kastler,1966,Physics,France,Man,,
Shmuel Yosef Agnon,1966,Literature,"Israel, Ukraine",Man,,
Francis Peyton Rous,1966,Physiology or Medicine,United States,Man,,
Robert S. Mulliken,1966,Chemistry,United States,Man,,
Ragnar Granit,1967,Physiology or Medicine,"Finland, Sweden",Man,,
Manfred Eigen,1967,Chemistry,Germany,Man,,
Hans Bethe,1967,Physics,"Germany, United States",Man,,
Miguel Ángel Asturias,1967,Literature,Guatemala,Man,,
George Porter,1967,Chemistry,United Kingdom,Man,,
Ronald George Wreyford Norrish,1967,Chemistry,United Kingdom,Man,,
George Wald,1967,Physiology or Medicine,United States,Man,,
Haldan Keffer Hartline,1967,Physiology or Medicine,United States,Man,,
René Cassin,1968,Peace,France,Man,,
Har Gobind Khorana,1968,Physiology or Medicine,"India, United States",Man,,
Yasunari Kawabata,1968,Literature,Japan,Man,,
Lars Onsager,1968,Chemistry,"Norway, United States",Man,,
Marshall Warren Nirenberg,1968,Physiology or Medicine,United States,Man,,
Robert W. Holley,1968,Physiology or Medicine,United States,Man,,
Luis Walter Alvarez,1968,Physics,United States,Man,,
Max Delbrück,1969,Physiology or Medicine,"Germany, United States",Man,,
Samuel Beckett,1969,Literature,Ireland,Man,,
Salvador Luria,1969,Physiology or Medicine,"Italy, United States",Man,,
Jan Tinbergen,1969,Economics,Netherlands,Man,,
Odd Hassel,1969,Chemistry,Norway,Man,,
Ragnar Frisch,1969,Economics,Norway,Man,,
Derek Barton,1969,Chemistry,United Kingdom,Man,,
Alfred Hershey,1969,Physiology or Medicine,United States,Man,,
Murray Gell-Mann,1969,Physics,United States,Man,,
Luis Federico Leloir,1970,Chemistry,"Argentina, France",Man,,
Louis Néel,1970,Physics,France,Man,,
Bernard Katz,1970,Physiology or Medicine,"Germany, United Kingdom",Man,,
Aleksandr Solzhenitsyn,1970,Literature,Russia and Soviet Union,Man,,
Hannes Alfvén,1970,Physics,Sweden,Man,,
Ulf von Euler,1970,Physiology or Medicine,Sweden,Man,,
Julius Axelrod,1970,Physiology or Medicine,United States,Man,,
Norman Borlaug,1970,Peace,United States,Man,,
Paul Samuelson,1970,Economics,United States,Man,,
Gerhard Herzberg,1971,Chemistry,"Canada, Germany",Man,,
Pablo Neruda,1971,Literature,Chile,Man,,
Willy Brandt,1971,Peace,Germany,Man,,
Dennis Gabor,1971,Physics,"Hungary, United Kingdom",Man,,
Simon Kuznets,1971,Economics,"Russia and Soviet Union, United States",Man,,
"Earl Wilbur Sutherland, Jr.",1971,Physiology or Medicine,United States,Man,,
Heinrich Böll,1972,Literature,Germany,Man,,
John Hicks,1972,Economics,United Kingdom,Man,,
Rodney Robert Porter,1972,Physiology or Medicine,United Kingdom,Man,,
Gerald Edelman,1972,Physiology or Medicine,United States,Man,,
John Bardeen,1972,Physics,United States,Man,,
Stanford Moore,1972,Chemistry,United States,Man,,
Christian B. Anfinsen,1972,Chemistry,United States,Man,,
John Robert Schrieffer,1972,Physics,United States,Man,,
Kenneth Arrow,1972,Economics,United States,Man,,
Leon Cooper,1972,Physics,United States,Man,,
William Howard Stein,1972,Chemistry,United States,Man,,
Le Duc Tho,1973,Peace,Vietnam,Man,,
Patrick White,1973,Literature,"Australia, United Kingdom",Man,,
Konrad Lorenz,1973,Physiology or Medicine,Austria,Man,,
Karl von Frisch,1973,Physiology or Medicine,"Austria, Germany",Man,,
Ernst Otto Fischer,1973,Chemistry,Germany,Man,,
Leo Esaki,1973,Physics,Japan,Man,,
Nikolaas Tinbergen,1973,Physiology or Medicine,"Netherlands, United Kingdom",Man,,
Ivar Giaever,1973,Physics,"Norway, United States",Man,,
Brian David Josephson,1973,Physics,United Kingdom,Man,,
Geoffrey Wilkinson,1973,Chemistry,United Kingdom,Man,,
Henry Kissinger,1973,Peace,United States,Man,,
Wassily Leontief,1973,Economics,United States,Man,,
Friedrich Hayek,1974,Economics,"Austria, United Kingdom",Man,,
Albert Claude,1974,Physiology or Medicine,Belgium,Man,,
Christian de Duve,1974,Physiology or Medicine,"Belgium, United Kingdom",Man,,
Seán MacBride,1974,Peace,"France, Ireland",Man,,
Eisaku Satō,1974,Peace,Japan,Man,,
George Emil Palade,1974,Physiology or Medicine,"Romania, United States",Man,,
Eyvind Johnson,1974,Literature,Sweden,Man,,
Gunnar Myrdal,1974,Economics,Sweden,Man,,
Harry Martinson,1974,Literature,Sweden,Man,,
Antony Hewish,1974,Physics,United Kingdom,Man,,
Martin Ryle,1974,Physics,United Kingdom,Man,,
Paul Flory,1974,Chemistry,United States,Man,,
John Cornforth,1975,Chemistry,"Australia, United Kingdom",Man,,
Vladimir Prelog,1975,Chemistry,"Bosnia and Herzegovina, Croatia, Switzerland",Man,,
Aage Bohr,1975,Physics,Denmark,Man,,
Ben Roy Mottelson,1975,Physics,"Denmark, United States",Man,,
Eugenio Montale,1975,Literature,Italy,Man,,
Renato Dulbecco,1975,Physiology or Medicine,"Italy, United States",Man,,
Tjalling Koopmans,1975,Economics,"Netherlands, United States",Man,,
Andrei Sakharov,1975,Peace,Russia and Soviet Union,Man,,
Leonid Kantorovich,1975,Economics,Russia and Soviet Union,Man,,
David Baltimore,1975,Physiology or Medicine,United States,Man,,
Howard Martin Temin,1975,Physiology or Medicine,United States,Man,,
James Rainwater,1975,Physics,United States,Man,,
Saul Bellow,1976,Literature,"Canada, United States",Man,,
Samuel C. C. Ting,1976,Physics,"Taiwan (China, Republic of), United States",Man,,
Burton Richter,1976,Physics,United States,Man,,
Daniel Carleton Gajdusek,1976,Physiology or Medicine,United States,Man,,
Milton Friedman,1976,Economics,United States,Man,,
William Lipscomb,1976,Chemistry,United States,Man,,
Baruch Samuel Blumberg,1976,Physiology or Medicine,United States,Man,,
Ilya Prigogine,1977,Chemistry,"Belgium, Russia and Soviet Union",Man,,
Roger Guillemin,1977,Physiology or Medicine,"France, United States",Man,,
Andrew Schally,1977,Physiology or Medicine,"Poland, United States",Man,,
Vicente Aleixandre,1977,Literature,Spain,Man,,
Bertil Ohlin,1977,Economics,Sweden,Man,,
James Meade,1977,Economics,United Kingdom,Man,,
Nevill Francis Mott,1977,Physics,United Kingdom,Man,,
John Hasbrouck Van Vleck,1977,Physics,United States,Man,,
Philip Warren Anderson,1977,Physics,United States,Man,,
Anwar Sadat,1978,Peace,Egypt,Man,,
Arno Allan Penzias,1978,Physics,"Germany, United States",Man,,
Menachem Begin,1978,Peace,"Israel, Poland, Russia and Soviet Union",Man,,
Isaac Bashevis Singer,1978,Literature,"Poland, United States",Man,,
Pyotr Kapitsa,1978,Physics,Russia and Soviet Union,Man,,
Werner Arber,1978,Physiology or Medicine,Switzerland,Man,,
Peter D. Mitchell,1978,Chemistry,United Kingdom,Man,,
Daniel Nathans,1978,Physiology or Medicine,United States,Man,,
Hamilton O. Smith,1978,Physiology or Medicine,United States,Man,,
Herbert A. Simon,1978,Economics,United States,Man,,
Robert Woodrow Wilson,1978,Physics,United States,Man,,
Arthur Lewis,1979,Economics,"Saint Lucia, United Kingdom",Man,,
Georg Wittig,1979,Chemistry,Germany,Man,,
Odysseas Elytis,1979,Literature,Greece,Man,,
Abdus Salam,1979,Physics,Pakistan,Man,,
Allan McLeod Cormack,1979,Physiology or Medicine,"South Africa, United States",Man,,
Godfrey Hounsfield,1979,Physiology or Medicine,United Kingdom,Man,,
Herbert C. Brown,1979,Chemistry,United States,Man,,
Steven Weinberg,1979,Physics,United States,Man,,
Theodore Schultz,1979,Economics,United States,Man,,
Sheldon Lee Glashow,1979,Physics,United States,Man,,
Adolfo Pérez Esquivel,1980,Peace,Argentina,Man,,
Jean Dausset,1980,Physiology or Medicine,France,Man,,
Czesław Miłosz,1980,Literature,"Lithuania, Poland, United States",Man,,
Frederick Sanger,1980,Chemistry,United Kingdom,Man,,
James Cronin,1980,Physics,United States,Man,,
Paul Berg,1980,Chemistry,United States,Man,,
Walter Gilbert,1980,Chemistry,United States,Man,,
George Davis Snell,1980,Physiology or Medicine,United States,Man,,
Lawrence Klein,1980,Economics,United States,Man,,
Val Logsdon Fitch,1980,Physics,United States,Man,,
Baruj Benacerraf,1980,Physiology or Medicine,"United States, Venezuela",Man,,
Elias Canetti,1981,Literature,"Bulgaria, United Kingdom",Man,,
David H. Hubel,1981,Physiology or Medicine,"Canada, United States",Man,,
Kenichi Fukui,1981,Chemistry,Japan,Man,,
Nicolaas Bloembergen,1981,Physics,"Netherlands, United States",Man,,
Roald Hoffmann,1981,Chemistry,"Poland, Ukraine, United States",Man,,
Kai Siegbahn,1981,Physics,Sweden,Man,,
Torsten Wiesel,1981,Physiology or Medicine,Sweden,Man,,
James Tobin,1981,Economics,United States,Man,,
Arthur Leonard Schawlow,1981,Physics,United States,Man,,
Roger Wolcott Sperry,1981,Physiology or Medicine,United States,Man,,
Gabriel García Márquez,1982,Literature,Colombia,Man,,
Aaron Klug,1982,Chemistry,"Lithuania, South Africa, United Kingdom",Man,,
Alfonso García Robles,1982,Peace,Mexico,Man,,
Bengt I. Samuelsson,1982,Physiology or Medicine,Sweden,Man,,
Sune Bergström,1982,Physiology or Medicine,Sweden,Man,,
John Vane,1982,Physiology or Medicine,United Kingdom,Man,,
Kenneth G. Wilson,1982,Physics,United States,Man,,
George Stigler,1982,Economics,United States,Man,,
Henry Taube,1983,Chemistry,"Canada, United States",Man,,
Gérard Debreu,1983,Economics,"France, United States",Man,,
Subrahmanyan Chandrasekhar,1983,Physics,"India, United States",Man,,
Lech Wałęsa,1983,Peace,Poland,Man,,
William Golding,1983,Literature,United Kingdom,Man,,
William Alfred Fowler,1983,Physics,United States,Man,,
Robert Bruce Merrifield,1984,Chemistry,United States,Man,,
César Milstein,1984,Physiology or Medicine,"Argentina, United Kingdom",Man,,
Jaroslav Seifert,1984,Literature,Czech Republic,Man,,
Niels Kaj Jerne,1984,Physiology or Medicine,"Denmark, United Kingdom",Man,,
Carlo Rubbia,1984,Physics,Italy,Man,,
Simon van der Meer,1984,Physics,Netherlands,Man,,
Desmond Tutu,1984,Peace,South Africa,Man,,
Georges J. F. Köhler,1984,Physiology or Medicine,"Switzerland, Germany",Man,,
Richard Stone,1984,Economics,United Kingdom,Man,,
Claude Simon,1985,Literature,France,Man,,
Klaus von Klitzing,1985,Physics,Germany,Man,,
Franco Modigliani,1985,Economics,"Italy, United States",Man,,
Herbert A. Hauptman,1985,Chemistry,United States,Man,,
Jerome Karle,1985,Chemistry,United States,Man,,
Joseph L. Goldstein,1985,Physiology or Medicine,United States,Man,,
Michael Stuart Brown,1985,Physiology or Medicine,United States,Man,,
John Polanyi,1986,Chemistry,"Canada, Germany, Hungary",Man,,
Ernst Ruska,1986,Physics,Germany,Man,,
Gerd Binnig,1986,Physics,Germany,Man,,
Wole Soyinka,1986,Literature,Nigeria,Man,,
Elie Wiesel,1986,Peace,"Romania, United States",Man,,
Heinrich Rohrer,1986,Physics,Switzerland,Man,,
Yuan T. Lee,1986,Chemistry,"Taiwan (China, Republic of), United States",Man,,
Dudley R. Herschbach,1986,Chemistry,United States,Man,,
James M. Buchanan,1986,Economics,United States,Man,,
Stanley Cohen,1986,Physiology or Medicine,United States,Man,,
Johannes Georg Bednorz,1987,Physics,Germany,Man,,
Óscar Arias,1987,Peace,Costa Rica,Man,,
Jean-Marie Lehn,1987,Chemistry,France,Man,,
Susumu Tonegawa,1987,Physiology or Medicine,Japan,Man,,
Joseph Brodsky,1987,Literature,"Russia and Soviet Union, United States",Man,,
Karl Alexander Müller,1987,Physics,Switzerland,Man,,
Charles J. Pedersen,1987,Chemistry,United States,Man,,
Donald J. Cram,1987,Chemistry,United States,Man,,
Robert Solow,1987,Economics,United States,Man,,
Naguib Mahfouz,1988,Literature,Egypt,Man,,
Maurice Allais,1988,Economics,France,Man,,
Hartmut Michel,1988,Chemistry,Germany,Man,,
Johann Deisenhofer,1988,Chemistry,Germany,Man,,
Robert Huber,1988,Chemistry,Germany,Man,,
Jack Steinberger,1988,Physics,"Germany, United States",Man,,
James W. Black,1988,Physiology or Medicine,United Kingdom,Man,,
George H. Hitchings,1988,Physiology or Medicine,United States,Man,,
Leon M. Lederman,1988,Physics,United States,Man,,
Melvin Schwartz,1988,Physics,United States,Man,,
Tenzin Gyatso (The 14th Dalai Lama),1989,Peace,Tibet,Man,,
Sidney Altman,1989,Chemistry,"Canada, United States",Man,,
Wolfgang Paul,1989,Physics,Germany,Man,,
Hans Georg Dehmelt,1989,Physics,"Germany, United States",Man,,
Trygve Haavelmo,1989,Economics,Norway,Man,,
Camilo José Cela,1989,Literature,Spain,Man,,
Harold E. Varmus,1989,Physiology or Medicine,United States,Man,,
J. Michael Bishop,1989,Physiology or Medicine,United States,Man,,
"Norman Foster Ramsey, Jr.",1989,Physics,United States,Man,,
Thomas Cech,1989,Chemistry,United States,Man,,
Richard E. Taylor,1990,Physics,Canada,Man,,
Octavio Paz,1990,Literature,Mexico,Man,,
Mikhail Gorbachev,1990,Peace,Russia and Soviet Union,Man,,
E. Donnall Thomas,1990,Physiology or Medicine,United States,Man,,
Elias James Corey,1990,Chemistry,United States,Man,,
William F. Sharpe,1990,Economics,United States,Man,,
Harry Markowitz,1990,Economics,United States,Man,,
Henry Way Kendall,1990,Physics,United States,Man,,
Jerome Isaac Friedman,1990,Physics,United States,Man,,
Joseph Murray,1990,Physiology or Medicine,United States,Man,,
Merton Miller,1990,Economics,United States,Man,,
Pierre-Gilles de Gennes,1991,Physics,France,Man,,
Bert Sakmann,1991,Physiology or Medicine,Germany,Man,,
Erwin Neher,1991,Physiology or Medicine,Germany,Man,,
Richard R. Ernst,1991,Chemistry,Switzerland,Man,,
Ronald Coase,1991,Economics,"United Kingdom, United States",Man,,
Rudolph A. Marcus,1992,Chemistry,"Canada, United States",Man,,
Georges Charpak,1992,Physics,"France, Poland, Ukraine",Man,,
Derek Walcott,1992,Literature,Saint Lucia,Man,,
Edwin G. Krebs,1992,Physiology or Medicine,United States,Man,,
Gary Becker,1992,Economics,United States,Man,,
Edmond H. Fischer,1992,Physiology or Medicine,"United States, Switzerland",Man,,
Michael Smith,1993,Chemistry,"Canada, United Kingdom",Man,,
F. W. de Klerk,1993,Peace,South Africa,Man,,
Nelson Mandela,1993,Peace,South Africa,Man,,
Richard J. Roberts,1993,Physiology or Medicine,United Kingdom,Man,,
Douglass North,1993,Economics,United States,Man,,
"Joseph Hooton Taylor, Jr.",1993,Physics,United States,Man,,
Kary Mullis,1993,Chemistry,United States,Man,,
Phillip Allen Sharp,1993,Physiology or Medicine,United States,Man,,
Robert Fogel,1993,Economics,United States,Man,,
Russell Alan Hulse,1993,Physics,United States,Man,,
Bertram Brockhouse,1994,Physics,Canada,Man,,
Reinhard Selten,1994,Economics,Germany,Man,,
George Andrew Olah,1994,Chemistry,"Hungary, United States",Man,,
John Harsanyi,1994,Economics,"Hungary, United States",Man,,
"John Forbes Nash, Jr.",1994,Economics,"Hungary, United States",Man,,
Yitzhak Rabin,1994,Peace,Israel,Man,,
Shimon Peres,1994,Peace,"Israel, Poland",Man,,
Kenzaburō Ōe,1994,Literature,Japan,Man,,
Yasser Arafat,1994,Peace,Palestine,Man,,
Alfred G. Gilman,1994,Physiology or Medicine,United States,Man,,
Martin Rodbell,1994,Physiology or Medicine,United States,Man,,
Clifford Shull,1994,Physics,United States,Man,,
Frank Sherwood Rowland,1995,Chemistry,United States,Man,,
Seamus Heaney,1995,Literature,Ireland,Man,,
Paul J. Crutzen,1995,Chemistry,"Germany, Netherlands",Man,,
Joseph Rotblat,1995,Peace,"Poland, United Kingdom",Man,,
Edward B. Lewis,1995,Physiology or Medicine,United States,Man,,
Eric F. Wieschaus,1995,Physiology or Medicine,United States,Man,,
Frederick Reines,1995,Physics,United States,Man,,
Martin Lewis Perl,1995,Physics,United States,Man,,
"Robert Lucas, Jr.",1995,Economics,United States,Man,,
Mario J. Molina,1995,Chemistry,"United States, Mexico",Man,,
Harry Kroto,1996,Chemistry,United Kingdom,Man,,
Peter C. Doherty,1996,Physiology or Medicine,Australia,Man,,
William Vickrey,1996,Economics,"Canada, United States",Man,,
Carlos Filipe Ximenes Belo,1996,Peace,"East Timor, Portugal",Man,,
José Ramos-Horta,1996,Peace,"East Timor, Portugal",Man,,
Rolf M. Zinkernagel,1996,Physiology or Medicine,Switzerland,Man,,
James Mirrlees,1996,Economics,United Kingdom,Man,,
Robert F. Curl Jr.,1996,Chemistry,United States,Man,,
David Lee,1996,Physics,United States,Man,,
Douglas Osheroff,1996,Physics,United States,Man,,
Richard Smalley,1996,Chemistry,United States,Man,,
Robert Coleman Richardson,1996,Physics,United States,Man,,
Myron Scholes,1997,Economics,"Canada, United States",Man,,
Jens Christian Skou,1997,Chemistry,Denmark,Man,,
Claude Cohen-Tannoudji,1997,Physics,France,Man,,
Dario Fo,1997,Literature,Italy,Man,,
John E. Walker,1997,Chemistry,United Kingdom,Man,,
Paul D. Boyer,1997,Chemistry,United States,Man,,
Robert C. Merton,1997,Economics,United States,Man,,
Stanley B. Prusiner,1997,Physiology or Medicine,United States,Man,,
Steven Chu,1997,Physics,United States,Man,,
William Daniel Phillips,1997,Physics,United States,Man,,
Walter Kohn,1998,Chemistry,"Austria, United States",Man,,
Daniel C. Tsui,1998,Physics,"China, People's Republic of, United States",Man,,
Amartya Sen,1998,Economics,India,Man,,
John Hume,1998,Peace,Ireland,Man,,
David Trimble,1998,Peace,"Ireland, United Kingdom",Man,,
José Saramago,1998,Literature,Portugal,Man,,
John Pople,1998,Chemistry,United Kingdom,Man,,
Ferid Murad,1998,Physiology or Medicine,United States,Man,,
Horst Ludwig Störmer,1998,Physics,United States,Man,,
Robert B. Laughlin,1998,Physics,United States,Man,,
Robert F. Furchgott,1998,Physiology or Medicine,United States,Man,,
Louis Ignarro,1998,Physiology or Medicine,United States,Man,,
Robert Mundell,1999,Economics,Canada,Man,,
Ahmed Zewail,1999,Chemistry,Egypt,Man,,
Günter Grass,1999,Literature,Germany,Man,,
Günter Blobel,1999,Physiology or Medicine,"Germany, United States",Man,,
Gerard 't Hooft,1999,Physics,Netherlands,Man,,
Martinus J. G. Veltman,1999,Physics,Netherlands,Man,,
Eric Kandel,2000,Physiology or Medicine,"Austria, United States",Man,,
Zhores Alferov,2000,Physics,"Belarus, Russia and Soviet Union",Man,,
Gao Xingjian,2000,Literature,"China, People's Republic of, France",Man,,
Herbert Kroemer,2000,Physics,Germany,Man,,
Hideki Shirakawa,2000,Chemistry,Japan,Man,,
Alan MacDiarmid,2000,Chemistry,"New Zealand, United States",Man,,
Alan J. Heeger,2000,Chemistry,"New Zealand, United States",Man,,
Kim Dae-jung,2000,Peace,South Korea,Man,,
Arvid Carlsson,2000,Physiology or Medicine,Sweden,Man,,
Jack Kilby,2000,Physics,United States,Man,,
Paul Greengard,2000,Physiology or Medicine,United States,Man,,
Daniel McFadden,2000,Economics,United States,Man,,
James Heckman,2000,Economics,United States,Man,,
Karl Barry Sharpless,2001,Chemistry,United States,Man,,
Michael Spence,2001,Economics,United States,Man,,
Wolfgang Ketterle,2001,Physics,Germany,Man,,
Kofi Annan,2001,Peace,Ghana,Man,,
Ryōji Noyori,2001,Chemistry,Japan,Man,,
V. S. Naipaul,2001,Literature,"Trinidad and Tobago, United Kingdom",Man,,
Paul Nurse,2001,Physiology or Medicine,United Kingdom,Man,,
Tim Hunt,2001,Physiology or Medicine,United Kingdom,Man,,
Leland H. Hartwell,2001,Physiology or Medicine,United States,Man,,
Carl Wieman,2001,Physics,United States,Man,,
Eric Allin Cornell,2001,Physics,United States,Man,,
George Akerlof,2001,Economics,United States,Man,,
Joseph Stiglitz,2001,Economics,United States,Man,,
William Standish Knowles,2001,Chemistry,United States,Man,,
Imre Kertész,2002,Literature,Hungary,Man,,
Daniel Kahneman,2002,Economics,"Israel, United States",Man,,
Riccardo Giacconi,2002,Physics,"Italy, United States",Man,,
Koichi Tanaka,2002,Chemistry,Japan,Man,,
Masatoshi Koshiba,2002,Physics,Japan,Man,,
Sydney Brenner,2002,Physiology or Medicine,"South Africa, United Kingdom, United States",Man,,
Kurt Wüthrich,2002,Chemistry,Switzerland,Man,,
John Sulston,2002,Physiology or Medicine,United Kingdom,Man,,
H. Robert Horvitz,2002,Physiology or Medicine,United States,Man,,
Jimmy Carter,2002,Peace,United States,Man,,
Vernon L. Smith,2002,Economics,United States,Man,,
John Fenn,2002,Chemistry,United States,Man,,
"Raymond Davis, Jr.",2002,Physics,United States,Man,,
Vitaly Ginzburg,2003,Physics,Russia and Soviet Union,Man,,
Alexei Alexeyevich Abrikosov,2003,Physics,"Russia and Soviet Union, United States",Man,,
J. M. Coetzee,2003,Literature,South Africa,Man,,
Peter Mansfield,2003,Physiology or Medicine,United Kingdom,Man,,
Clive Granger,2003,Economics,United Kingdom,Man,,
Anthony James Leggett,2003,Physics,"United Kingdom, United States",Man,,
Peter Agre,2003,Chemistry,United States,Man,,
Robert F. Engle,2003,Economics,United States,Man,,
Roderick MacKinnon,2003,Chemistry,United States,Man,,
Paul Lauterbur,2003,Physiology or Medicine,United States,Man,,
Hugh David Politzer,2004,Physics,United States,Man,,
Avram Hershko,2004,Chemistry,"Hungary, Israel",Man,,
Aaron Ciechanover,2004,Chemistry,Israel,Man,,
Finn E. Kydland,2004,Economics,Norway,Man,,
Edward C. Prescott,2004,Economics,United States,Man,,
Frank Wilczek,2004,Physics,United States,Man,,
Irwin Rose,2004,Chemistry,United States,Man,,
Richard Axel,2004,Physiology or Medicine,United States,Man,,
David Gross,2004,Physics,United States,Man,,
Robin Warren,2005,Physiology or Medicine,Australia,Man,,
Barry Marshall,2005,Physiology or Medicine,Australia,Man,,
Mohamed ElBaradei,2005,Peace,Egypt,Man,,
Yves Chauvin,2005,Chemistry,France,Man,,
Theodor W. Hänsch,2005,Physics,Germany,Man,,
Robert Aumann,2005,Economics,"Israel, United States",Man,,
Harold Pinter,2005,Literature,United Kingdom,Man,,
John L. Hall,2005,Physics,United States,Man,,
Richard R. Schrock,2005,Chemistry,United States,Man,,
Robert H. Grubbs,2005,Chemistry,United States,Man,,
Roy J. Glauber,2005,Physics,United States,Man,,
Thomas Schelling,2005,Economics,United States,Man,,
Muhammad Yunus,2006,Peace,Bangladesh,Man,,
Orhan Pamuk,2006,Literature,Turkey,Man,,
John C. Mather,2006,Physics,United States,Man,,
Roger D. Kornberg,2006,Chemistry,United States,Man,,
Andrew Fire,2006,Physiology or Medicine,United States,Man,,
Craig Mello,2006,Physiology or Medicine,United States,Man,,
Edmund Phelps,2006,Economics,United States,Man,,
George Smoot,2006,Physics,United States,Man,,
Martin Evans,2007,Physiology or Medicine,United Kingdom,Man,,
Peter Grünberg,2007,Physics,"Czech Republic, Germany",Man,,
Albert Fert,2007,Physics,France,Man,,
Gerhard Ertl,2007,Chemistry,Germany,Man,,
Mario Capecchi,2007,Physiology or Medicine,"Italy, United States",Man,,
Leonid Hurwicz,2007,Economics,"Poland, Russia and Soviet Union, United States",Man,,
Oliver Smithies,2007,Physiology or Medicine,"United Kingdom, United States",Man,,
Al Gore,2007,Peace,United States,Man,,
Eric Maskin,2007,Economics,United States,Man,,
Roger Myerson,2007,Economics,United States,Man,,
Martti Ahtisaari,2008,Peace,Finland,Man,,
J. M. G. Le Clézio,2008,Literature,France,Man,,
Luc Montagnier,2008,Physiology or Medicine,France,Man,,
Harald zur Hausen,2008,Physiology or Medicine,Germany,Man,,
Makoto Kobayashi,2008,Physics,Japan,Man,,
Toshihide Maskawa,2008,Physics,Japan,Man,,
Osamu Shimomura,2008,Chemistry,"Japan, United States",Man,,
Yoichiro Nambu,2008,Physics,"Japan, United States",Man,,
Martin Chalfie,2008,Chemistry,United States,Man,,
Paul Krugman,2008,Economics,United States,Man,,
Roger Y. Tsien,2008,Chemistry,United States,Man,,
Jack W. Szostak,2009,Physiology or Medicine,"Canada, United States",Man,,
Willard S. Boyle,2009,Physics,"Canada, United States",Man,,
Charles K. Kao,2009,Physics,"China, Republic of, Hong Kong, United Kingdom, United States",Man,,
Venkatraman Ramakrishnan,2009,Chemistry,"India, United States",Man,,
George E. Smith,2009,Physics,United States,Man,,
Thomas A. Steitz,2009,Chemistry,United States,Man,,
Barack Obama,2009,Peace,United States,Man,,
Liu Xiaobo,2010,Peace,"China, People's Republic of",Man,,
Christopher A. Pissarides,2010,Economics,"Cyprus, United Kingdom",Man,,
Akira Suzuki,2010,Chemistry,Japan,Man,,
Ei-ichi Negishi,2010,Chemistry,"Japan, United States",Man,,
Andre Geim,2010,Physics,"Netherlands, Russia and Soviet Union",Man,,
Mario Vargas Llosa,2010,Literature,"Peru, Spain",Man,,
Konstantin Novoselov,2010,Physics,"Russia and Soviet Union, United Kingdom",Man,,
Robert G. Edwards,2010,Physiology or Medicine,United Kingdom,Man,,
Dale T. Mortensen,2010,Economics,United States,Man,,
Peter A. Diamond,2010,Economics,United States,Man,,
Richard F. Heck,2010,Chemistry,United States,Man,,
Brian Schmidt,2011,Physics,Australia,Man,,
Ralph M. Steinman,2011,Physiology or Medicine,"Canada, United States",Man,,
Jules A. Hoffmann,2011,Physiology or Medicine,"France, Luxembourg",Man,,
Dan Shechtman,2011,Chemistry,Israel,Man,,
Tomas Tranströmer,2011,Literature,Sweden,Man,,
Adam G. Riess,2011,Physics,United States,Man,,
Bruce Beutler,2011,Physiology or Medicine,United States,Man,,
Christopher A. Sims,2011,Economics,United States,Man,,
Saul Perlmutter,2011,Physics,United States,Man,,
Thomas J. Sargent,2011,Economics,United States,Man,,
Mo Yan,2012,Literature,"China, People's Republic of",Man,,
Serge Haroche,2012,Physics,France,Man,,
Shinya Yamanaka,2012,Physiology or Medicine,Japan,Man,,
John B. Gurdon,2012,Physiology or Medicine,United Kingdom,Man,,
Alvin E. Roth,2012,Economics,United States,Man,,
Brian K. Kobilka,2012,Chemistry,United States,Man,,
David J. Wineland,2012,Physics,United States,Man,,
Lloyd S. Shapley,2012,Economics,United States,Man,,
Robert J. Lefkowitz,2012,Chemistry,United States,Man,,
Martin Karplus,2013,Chemistry,"Austria, United States",Man,,
François Englert,2013,Physics,Belgium,Man,,
Thomas C. Südhof,2013,Physiology or Medicine,"Germany, United States",Man,,
Michael Levitt,2013,Chemistry,"Israel, South Africa, United Kingdom, United States",Man,,
Arieh Warshel,2013,Chemistry,"Israel, United States",Man,,
Peter W. Higgs,2013,Physics,United Kingdom,Man,,
Eugene F. Fama,2013,Economics,United States,Man,,
Lars Peter Hansen,2013,Economics,United States,Man,,
Robert J. Shiller,2013,Economics,United States,Man,,
James E. Rothman,2013,Physiology or Medicine,United States,Man,,
Randy W. Schekman,2013,Physiology or Medicine,United States,Man,,
Jean Tirole,2014,Economics,France,Man,,
Patrick Modiano,2014,Literature,France,Man,,
Stefan Hell,2014,Chemistry,"Germany, Romania",Man,,
Kailash Satyarthi,2014,Peace,India,Man,,
Hiroshi Amano,2014,Physics,Japan,Man,,
Isamu Akasaki,2014,Physics,Japan,Man,,
Shuji Nakamura,2014,Physics,"Japan, United States",Man,,
Edvard Moser,2014,Physiology or Medicine,Norway,Man,,
John O'Keefe,2014,Physiology or Medicine,"United Kingdom, United States",Man,,
Eric Betzig,2014,Chemistry,United States,Man,,
William Moerner,2014,Chemistry,United States,Man,,
Arthur B. McDonald,2015,Physics,Canada,Man,,
William C. Campbell,2015,Physiology or Medicine,"Ireland, United States",Man,,
Satoshi Ōmura,2015,Physiology or Medicine,Japan,Man,,
Takaaki Kajita,2015,Physics,Japan,Man,,
Tomas Lindahl,2015,Chemistry,"Sweden, United Kingdom",Man,,
Aziz Sancar,2015,Chemistry,"Turkey, United States",Man,,
Angus Deaton,2015,Economics,"United Kingdom, United States",Man,,
Paul L. Modrich,2015,Chemistry,United States,Man,,
Duncan Haldane,2016,Physics,"United Kingdom, United States",Man,,
Juan Manuel Santos,2016,Peace,Colombia,Man,,
Bengt R. Holmström,2016,Economics,Finland,Man,,
Jean-Pierre Sauvage,2016,Chemistry,France,Man,,
Yoshinori Ohsumi,2016,Physiology or Medicine,Japan,Man,,
Ben Feringa,2016,Chemistry,Netherlands,Man,,
David J. Thouless,2016,Physics,United Kingdom,Man,,
Fraser Stoddart,2016,Chemistry,"United Kingdom, United States",Man,,
John M. Kosterlitz,2016,Physics,"United Kingdom, United States",Man,,
Oliver Hart,2016,Economics,"United Kingdom, United States",Man,,
Bob Dylan,2016,Literature,United States,Man,,
Joachim Frank,2017,Chemistry,"Germany, United States",Man,,
Rainer Weiss,2017,Physics,"Germany, United States",Man,,
Kazuo Ishiguro,2017,Literature,"Japan, United Kingdom",Man,,
Jacques Dubochet,2017,Chemistry,Switzerland,Man,,
Richard Henderson,2017,Chemistry,United Kingdom,Man,,
Barry Barish,2017,Physics,United States,Man,,
Jeffrey C. Hall,2017,Physiology or Medicine,United States,Man,,
Kip Thorne,2017,Physics,United States,Man,,
Michael Rosbash,2017,Physiology or Medicine,United States,Man,,
Michael W. Young,2017,Physiology or Medicine,United States,Man,,
Richard Thaler,2017,Economics,United States,Man,,
Denis Mukwege,2018,Peace,"Congo, Democratic Republic",Man,,
Gérard Mourou,2018,Physics,France,Man,,
Tasuku Honjo,2018,Physiology or Medicine,Japan,Man,,
Greg Winter,2018,Chemistry,United Kingdom,Man,,
Arthur Ashkin,2018,Physics,United States,Man,,
George P. Smith,2018,Chemistry,United States,Man,,
James P. Allison,2018,Physiology or Medicine,United States,Man,,
"William Nordhaus
Paul Romer",2018,Economics,United States,Man,,
James Peebles,2019,Physics,"Canada, United States",Man,,
Peter Handke,2019,Literature,Austria,Man,,
Abiy Ahmed,2019,Peace,Ethiopia,Man,,
Abhijit Banerjee,2019,Economics,"India, United States",Man,,
Akira Yoshino,2019,Chemistry,Japan,Man,,
Didier Queloz,2019,Physics,Switzerland,Man,,
Michel Mayor,2019,Physics,Switzerland,Man,,
Peter J. Ratcliffe,2019,Physiology or Medicine,United Kingdom,Man,,
M. Stanley Whittingham,2019,Chemistry,"United Kingdom, United States",Man,,
Gregg L. Semenza,2019,Physiology or Medicine,United States,Man,,
John B. Goodenough,2019,Chemistry,United States,Man,,
Michael Kremer,2019,Economics,United States,Man,,
William Kaelin Jr.,2019,Physiology or Medicine,United States,Man,,
Institut de Droit International,1904,Peace,Belgium,Organization,,
International Peace Bureau,1910,Peace,-,Organization,,
International Committee of the Red Cross,1917,Peace,-,Organization,,
The Viscount Cecil of Chelwood,1937,Peace,United Kingdom,Organization,,
Nansen International Office For Refugees,1938,Peace,-,Organization,,
International Committee of the Red Cross,1944,Peace,-,Organization,,
Friends Service Council,1947,Peace,United Kingdom,Organization,,
American Friends Service Committee,1947,Peace,United States,Organization,,
United Nations High Commissioner for Refugees,1954,Peace,-,Organization,,
International Committee of the Red Cross,1963,Peace,-,Organization,,
League of Red Cross societies,1963,Peace,-,Organization,,
United Nations International Children's Emergency Fund,1965,Peace,-,Organization,,
International Labour Organization,1969,Peace,-,Organization,,
Amnesty International,1977,Peace,United Kingdom,Organization,,
United Nations High Commissioner for Refugees,1981,Peace,-,Organization,,
International Physicians for the Prevention of Nuclear War,1985,Peace,-,Organization,,
United Nations Peace-Keeping Forces,1988,Peace,-,Organization,,
Pugwash Conferences on Science and World Affairs,1995,Peace,Canada,Organization,,
International Campaign to Ban Landmines,1997,Peace,-,Organization,,
Médecins Sans Frontières,1999,Peace,France,Organization,,
United Nations,2001,Peace,-,Organization,,
International Atomic Energy Agency,2005,Peace,Austria,Organization,,
Grameen Bank,2006,Peace,Bangladesh,Organization,,
Intergovernmental Panel on Climate Change,2007,Peace,-,Organization,,
European Union,2012,Peace,-,Organization,,
Organisation for the Prohibition of Chemical Weapons,2013,Peace,Netherlands,Organization,,
Tunisian National Dialogue Quartet,2015,Peace,Tunisia,Organization,,
International Campaign to Abolish Nuclear Weapons,2017,Peace,-,Organization,,
Ada Yonath,2009,Chemistry,Israel,Woman,"""For studies of the structure and function of the ribosome""",
Alice Munro,2013,Literature,Canada,Woman,"""Master of the contemporary short story""",
Alva Myrdal,1982,Peace,Sweden,Woman,"""Former Cabinet Minister; Diplomat; Writer.""",
Aung San Suu Kyi,1991,Peace,Burma,Woman,"""For her non-violent struggle for democracy and human rights""",
Barbara McClintock,1983,Physiology or Medicine,United States,Woman,"""For her discovery of mobile genetic elements""",
Bertha von Suttner,1905,Peace,Czech Republic,Woman,"""Honorary President of Permanent International Peace Bureau, Bern, Switzerland; Author of ""Lay Down Your Arms"".""","Born in the Austrian Empire, now Czech Republic"
Betty Williams,1976,Peace,"Ireland, United Kingdom",Woman,"""Founder of the Northern Ireland Peace Movement (later renamed Community of Peace People)""","Born in North Ireland, part of the UK"
Carol W. Greider,2009,Physiology or Medicine,United States,Woman,"""For the discovery of how chromosomes are protected by telomeres and the enzyme telomerase""",
Christiane Nüsslein-Volhard,1995,Physiology or Medicine,Germany,Woman,"""For their discoveries concerning the genetic control of early embryonic development""",
Donna Strickland,2018,Physics,Canada,Woman,"""For their method of generating high-intensity, ultra-short optical pulses""",
Doris Lessing,2007,Literature,"Iran, United Kingdom",Woman,"""That epicist of the female experience, who with scepticism, fire and visionary power has subjected a divided civilisation to scrutiny""","Born in Iran, worked in the UK"
Dorothy Hodgkin,1964,Chemistry,United Kingdom,Woman,"""For her determinations by X-ray techniques of the structures of important biochemical substances""",
Elfriede Jelinek,2004,Literature,Austria,Woman,"""For her musical flow of voices and counter-voices in novels and plays that with extraordinary linguistic zeal reveal the absurdity of society's clichés and their subjugating power""",
Elinor Ostrom,2009,Economics,United States,Woman,"""For her analysis of economic governance, especially the commons""",
Elizabeth Blackburn,2009,Physiology or Medicine,"Australia, United States",Woman,"""For the discovery of how chromosomes are protected by telomeres and the enzyme telomerase""","Born in Australia, worked in the US"
Ellen Johnson Sirleaf,2011,Peace,Liberia,Woman,"""For their non-violent struggle for the safety of women and for women's rights to full participation in peace-building work""",
Emily Greene Balch,1946,Peace,United States,Woman,"""Formerly Professor of History and Sociology; Honorary International President, Women's International League for Peace and Freedom.""",
Esther Duflo,2019,Economics,"France, United States",Woman,"""For their experimental approach to alleviating global poverty""","Born in France, worked in the US"
Frances H. Arnold,2018,Chemistry,United States,Woman,"""For the directed evolution of enzymes""",
Françoise Barré-Sinoussi,2008,Physiology or Medicine,France,Woman,"""For their discovery of HIV, human immunodeficiency virus""",
Gabriela Mistral,1945,Literature,Chile,Woman,"""For her lyric poetry which, inspired by powerful emotions, has made her name a symbol of the idealistic aspirations of the entire Latin American world""",
Gertrude B. Elion,1988,Physiology or Medicine,United States,Woman,"""For their discoveries of important principles for drug treatment""",
Gerty Cori,1947,Physiology or Medicine,"Czech Republic, United States",Woman,"""For their discovery of the course of the catalytic conversion of glycogen""","Born in the Austrian Empire (now Czech Republic), worked in the US"
Grazia Deledda,1926,Literature,Italy,Woman,"""For her idealistically inspired writings which with plastic clarity picture the life on her native island and with depth and sympathy deal with human problems in general""",
Herta Müller,2009,Literature,"Germany, Romania",Woman,"""Who, with the concentration of poetry and the frankness of prose, depicts the landscape of the dispossessed""","Born in Romania, worked in Germany"
Irène Joliot-Curie,1935,Chemistry,France,Woman,"""For their synthesis of new radioactive elements""",
Jane Addams,1931,Peace,United States,Woman,"""Sociologist; International President, Women's International League for Peace and Freedom.",
Jody Williams,1997,Peace,United States,Woman,"""For their work for the banning and clearing of anti-personnel mines""",
Leymah Gbowee,2011,Peace,Liberia,Woman,"""For their non-violent struggle for the safety of women and for women's rights to full participation in peace-building work""",
Linda B. Buck,2004,Physiology or Medicine,United States,Woman,"""For their discoveries of odorant receptors and the organization of the olfactory system""",
Mairead Maguire,1976,Peace,"Ireland, United Kingdom",Woman,"""Founder of the Northern Ireland Peace Movement (later renamed Community of Peace People)""","Born in North Ireland, part of the UK"
Malala Yousafzai,2014,Peace,Pakistan,Woman,"""For their struggle against the suppression of children and young people and for the right of all children to education"".",
Maria Goeppert-Mayer,1963,Physics,"Germany, United States",Woman,"""For their discoveries concerning nuclear shell structure""","Born in then Germany,  worked in the US"
Marie Skłodowska-Curie,1903,Physics,"France, Poland",Woman,"""In recognition of the extraordinary services they have rendered by their joint researches on the radiation phenomena discovered by Professor Henri Becquerel""","Born in Congress Poland, worked in France"
Marie Skłodowska-Curie,1911,Chemistry,"France, Poland",Woman,"""For her discovery of radium and polonium""","Born in Congress Poland, worked in France"
May-Britt Moser,2014,Physiology or Medicine,Norway,Woman,"""For their discoveries of cells that constitute a positioning system in the brain""",
Mother Teresa,1979,Peace,"India, North Macedonia",Woman,"""Leader of Missionaries of Charity, Calcutta.""","Born in then Ottoman Empire (now North Macedonia), worked in India"
Nadia Murad,2018,Peace,Iraq,Woman,"""For their efforts to end the use of sexual violence as a weapon of war and armed conflict""",
Nadine Gordimer,1991,Literature,South Africa,Woman,"""Who through her magnificent epic writing has - in the words of Alfred Nobel - been of very great benefit to humanity""",
Nelly Sachs,1966,Literature,"Germany, Sweden",Woman,"""For her outstanding lyrical and dramatic writing, which interprets Israel's destiny with touching strength""","Born in Germany, worked in Sweden"
Olga Tokarczuk,2018,Literature,Poland,Woman,“For a narrative imagination that with encyclopedic passion represents the crossing of boundaries as a form of life”,
Pearl S. Buck,1938,Literature,United States,Woman,"""For her rich and truly epic descriptions of peasant life in China and for her biographical masterpieces""",
Rigoberta Menchú,1992,Peace,Guatemala,Woman,"""In recognition of her work for social justice and ethno-cultural reconciliation based on respect for the rights of indigenous peoples""",
Rita Levi-Montalcini,1986,Physiology or Medicine,"Italy, United States",Woman,"""For their discoveries of growth factors""","Born in Italy, worked in the USA"
Rosalyn Sussman Yalow,1977,Physiology or Medicine,United States,Woman,"""For the development of radioimmunoassays of peptide hormones""",
Selma Lagerlöf,1909,Literature,Sweden,Woman,"""In appreciation of the lofty idealism, vivid imagination and spiritual perception that characterize her writings""",
Shirin Ebadi,2003,Peace,Iran,Woman,"""For her efforts for democracy and human rights. She has focused especially on the struggle for the rights of women and children""",
Sigrid Undset,1928,Literature,Norway,Woman,"""Principally for her powerful descriptions of Northern life during the Middle Ages""",
Svetlana Alexievich,2015,Literature,"Belarus, Ukraine",Woman,"""For her polyphonic writings, a monument to suffering and courage in our time""","Born in Ukraine, worked in Belarus"
Tawakkol Karman,2011,Peace,Yemen,Woman,"""For their non-violent struggle for the safety of women and for women's rights to full participation in peace-building work""",
Toni Morrison,1993,Literature,United States,Woman,"""Who in novels characterized by visionary force and poetic import, gives life to an essential aspect of American reality""",
Tu Youyou,2015,Physiology or Medicine,China,Woman,"""For her discoveries concerning a novel therapy against Malaria (artemisinin)""",
Wangari Maathai,2004,Peace,Kenya,Woman,"""For her contribution to sustainable development, democracy and peace""",
Wisława Szymborska,1996,Literature,Poland,Woman,"""For poetry that with ironic precision allows the historical and biological context to come to light in fragments of human reality""",
